f1,f2,f3,m1,m2,m3,m4,m5,zone
22.330083636944252,236.44089236553353,471.71022015223184,0.038578463842080996,0.0824368041089471,0.5060598759973223,0.2050758810230243,0.8328043950316866,2
29.688347959215612,153.35130636270108,508.39820508120755,-0.008878060654853007,-0.5897199747705014,-0.19676895230991093,-0.6639251697494569,-0.41549594435530024,0
29.83206766996193,188.5105116564986,588.977113626815,0.3304343129401175,0.4564852432016632,0.39737577456712303,0.4728098679835909,0.5486143546202824,1
24.74048428157476,182.78518943308083,363.915058035815,0.02791033037735601,0.36627014751140274,0.2693122040333028,0.6265617070632873,0.6324227672221062,0
33.96385093958323,131.1470525655628,526.3144908870335,0.03282839502235401,0.31174990054422974,0.5256802117434347,0.5979297453968663,0.5175660639396051,1
25.336673138020018,189.54534172189037,591.0657852482287,0.48153820093003996,0.13660431894977268,0.2649846316848527,0.33626648007208865,0.7524415063246442,0
24.047553566516008,207.55506144187382,528.7032739816146,0.012239858818658047,0.09959353386899233,0.2477548704670985,0.6293055028407143,0.7297420243632762,2
31.408035596996257,208.60734536747535,518.6098847511955,0.43578570193220395,0.12063053109329216,0.5524496416932247,0.6255924351083205,0.31459910280844083,0
26.006957150692354,175.42490213116824,362.59524155045744,0.18451792831223207,0.3418236708131855,0.47219788395833057,0.12956071668653626,0.7806105887573568,1
28.597109216366935,191.3588209253639,706.7549882432561,0.0275564018232438,0.501828491111957,0.19896233308514857,0.5915804786961647,0.5982101114706968,1
35.76663468422546,144.35595071494572,559.6899851106587,0.00863556632103035,0.03288591516593874,0.2403658427685507,0.6692697769535944,0.7022436691524276,0
25.566782995664887,140.11460580322066,412.78467875020704,0.010074538304722883,0.037382099699341836,0.5665571239938832,0.32898726418682883,0.7545074469842298,0
43.36617125665,180.33343515472595,655.8208278521087,0.33206176981740376,0.5598674166174477,0.1858873842506588,0.2524706173291947,0.6913667077591327,1
30.1188044057774,179.7058961555995,451.11750388420865,-0.3147767680396009,-0.46568856600085995,-0.6345604768654802,-0.25019495777161294,-0.46774483439640596,0
26.79258315936953,159.59473772094637,487.8935868349795,0.15317482021897127,0.02988331011673874,0.2852352643783826,0.6682202231516164,0.6691539729789779,0
28.743038300368188,190.7200492359511,623.5496956731504,0.21539380494131788,0.08980361897168293,0.673094324262731,0.3955860521349554,0.5796520722071716,0
28.459887629692233,203.9332027248995,399.324060620889,-0.008836554102525375,-0.1724777671712514,-0.19418680226790666,-0.6561112991900276,-0.7085074340071187,0
27.16268700849189,118.5727990356272,571.3296117580878,0.12871738123996587,0.5032964612060256,0.5284438931298978,0.5420498392318701,0.3962998000335575,1
32.600169713253834,134.27599895786312,563.1149892827212,0.15158730920445332,0.10646402020000072,0.5572942819453283,0.4735298271034295,0.6564139595144547,0
22.243018300506886,160.45772071585512,491.1495715699682,0.37961429171293004,0.15383774354761132,0.2688651123575353,0.6085280643465962,0.6242051621438456,1
29.003308343892577,118.49904364953991,474.0874612263398,0.009372716661067511,0.12846386030247164,0.330563511850893,0.7478316472160513,0.5611459532363308,1
30.219699976948426,181.0056371795335,484.42661414339534,0.15728136430839504,0.2913656011196166,0.558742338078407,0.6373338787297517,0.4147061436577225,1
29.560490061704368,152.78631836134687,636.8850310229793,-0.009415434370957364,-0.47030428957583026,-0.2588521263781542,-0.3316822955854189,-0.7756981734327305,2
23.697956914706385,152.38078676169826,447.94537535468027,-0.14999736401776984,-0.6613747340080911,-0.2982753416705981,-0.3808605827582101,-0.5532280624261678,0
20.21862706510388,191.93408043384326,533.5855639317316,0.029408979590999123,0.10584907297380534,0.6108368373003497,0.4605700239632742,0.6345744218713653,2
30.604149745378912,213.90969395313567,522.2721341983332,0.35523824193329573,0.13464368419973277,0.1988593142586805,0.42491381040194803,0.7972327744363804,2
26.913223873618495,145.89150029062245,412.57847216856607,0.008986129638646393,0.22566954221673008,0.6343169900327709,0.35208397827957255,0.6501317832442927,0
28.23595424919047,170.4997028603523,528.7843551041956,0.07958257622878363,0.19797441664070303,0.26888553784187197,0.7363015837315886,0.5831237340825741,2
27.105886952939017,200.16477624429513,398.3195625448535,-0.5309813171900579,-0.5748901689619609,-0.2686876718840896,-0.329844092874016,-0.4544996631457766,0
25.748151744790114,179.01352731778996,447.37164559822486,-0.03105584017955428,-0.11688754304004945,-0.17357191386315118,-0.6788598671317891,-0.7031322127370465,0
26.15700204426215,161.44002429896807,462.6611519110034,-0.18750086331233173,-0.5030179757170369,-0.34654996329582677,-0.5435694873804857,-0.5442900676029664,0
27.13664160762264,165.86247571889714,408.2054503263403,-0.19516918501420563,-0.3615838621970869,-0.14205182363676025,-0.2865286004697602,-0.8537498113228723,0
32.179008415162265,172.3330468117005,509.1362725662987,0.19187853100586114,0.035988659515796335,0.4395229410248545,0.5290276735298863,0.6991686139106268,0
20.305295255201226,199.57428230873344,485.0203640105889,0.13276424740069093,0.2459725092836522,0.5255107966545859,0.565482825982731,0.570910461812427,0
23.977744871996123,173.17919776505866,456.3896456594629,0.024829069848161425,0.4521309091551332,0.4908877032609755,0.5157181071832848,0.5366798440294568,2
30.037270666153248,161.01383000718977,568.9935297528854,0.5017625880770779,0.20011379043942423,0.5429311861966728,0.25583827782695817,0.5898824278920073,0
21.660357119880466,160.07456979169555,427.84928488838426,-0.009485552651841598,-0.18515837163061963,-0.07940617958760704,-0.621271598567666,-0.7571939389366928,0
27.315691947553546,174.18716926501546,399.49675549901366,-0.046559032125636515,-0.10212671964923961,-0.6313236776176866,-0.43534274004291246,-0.6319094099888197,0
25.838071290252028,141.70430541192147,325.8599617120602,-0.006995696255982173,-0.5069666043968064,-0.20001768112906246,-0.5896335903703612,-0.5960378164202134,0
24.96699727585314,138.1395495677111,367.1698763458503,0.09618292621828835,0.5034901049553325,0.5452961454694197,0.3095283704856112,0.5865925847782862,0
31.619610210600595,158.55559091599952,437.7233076383967,0.04134012488271049,0.5423068331361927,0.21976617211088442,0.7528624006324716,0.29848840533279775,1
27.223002732890947,208.94956199939378,358.42442059041684,0.014846281313449294,0.05653319707937728,0.20348104506162193,0.40818575853156996,0.8880109438468556,1
32.78382011990864,183.54958558932614,626.1659650522552,0.1430926138993906,0.1943505600289318,0.5322442363038987,0.5635943715434496,0.5838063214369164,1
20.569703643361066,191.06724578713715,578.8380229947065,0.1878614361275844,0.4807405915469904,0.6673547458603092,0.33904117339667866,0.41627549816756765,2
27.74475559247363,200.9897858872191,337.67190036553154,0.29532512464710087,0.06500080649886311,0.27929661967684055,0.6439678483583534,0.644869579391426,0
34.87171570218931,135.82657960010906,444.8915040947257,0.3715149033209223,0.10193071136208942,0.6025386200952474,0.3267102107358705,0.617895182200268,0
27.171754528270313,161.40992177562023,510.99295881887434,-0.48472589920442677,-0.19361723391912242,-0.5240290055361538,-0.3596681533421541,-0.5688458404508222,0
28.08224790472068,178.34285629097838,506.9274124580826,-0.035278743686313695,-0.07687966378208236,-0.1313600751530103,-0.5937528572493433,-0.7893332646637322,0
25.2445565033671,165.05681461730384,363.7105959568744,-0.00808685040459529,-0.40399939480639047,-0.11084631888205937,-0.6090397021352348,-0.6734261850120807,1
31.036930562722183,139.20413474952983,440.8619846524586,-0.010443106653726244,-0.08499787443040611,-0.521908045220971,-0.21331243457504387,-0.8214475640325585,0
34.22794858360307,193.83784865100608,579.2246400079492,0.2983915717659548,0.41224761642315366,0.11310682051365231,0.6921198239159414,0.4991907142048317,1
27.523934928530615,189.36978972207206,594.1328317483819,0.05849020259451891,0.35906386604651264,0.4382548446969798,0.568594791342768,0.5935357534788314,1
24.598292611639906,185.76805423317256,571.8997599891384,0.04244882835512328,0.4031119581759496,0.22625766275832973,0.5782935601722075,0.6708821613765865,0
29.173927759375875,187.10119819635696,426.8011073232825,0.10656789372528452,0.5854019076977864,0.273920651259938,0.4002259705748382,0.6408857462773759,1
27.243996865871186,179.03709415529798,575.4258906124695,0.3152756000198883,0.1194987856159131,0.5315838560438528,0.30716584974746564,0.7137149858388062,1
31.384738945827145,230.32706345427803,570.6900941648161,0.029703231150465182,0.2144564314182584,0.616979328088883,0.4014033685288862,0.6413563763830695,1
17.999279246511644,212.99132045433228,558.0420513006177,0.009969334231771858,0.08112159021226777,0.4979997389405857,0.3512297806922722,0.7886404764823924,1
28.923366890198693,157.3674940146091,512.5001878473361,0.419422767647929,0.11507579315971657,0.6470588087553404,0.36698370967242344,0.5074248305457664,1
36.590064125648865,182.6054837056655,541.4571819188355,0.16564417829718883,0.06906115902721026,0.7086487582208616,0.44535832316516116,0.5169772373805391,0
18.623429683353702,141.1698995340209,635.7703416017741,0.18282475638436732,0.07621292919493268,0.46785335696944924,0.4051182737801249,0.7601046760140039,2
28.926955060658315,140.19594462672995,486.0166602055267,0.10195193250467416,0.45351078627670594,0.5158056875876558,0.38246756999679277,0.6095874184579438,2
31.433150078598228,185.37799687966955,479.84543165191445,0.18043707323685854,0.258655803155196,0.3330997804298704,0.41023330606006786,0.7882212944170285,0
27.90914990388576,135.58176127299586,493.7593427598168,0.061410344090039225,0.5233543840892518,0.20749640409507525,0.5682291721156226,0.5969839265321221,1
24.688912852816188,154.5511581315877,477.8551725379891,0.19263420049295477,0.35691025423350364,0.08031440157896323,0.684796602917071,0.6000919469178606,1
29.88539938597112,150.07490136081847,563.079267724089,0.07278638454341801,0.5954588172014221,0.2394618646742534,0.3056245957257272,0.6995588331916025,0
39.735887948346424,191.22521832344268,438.4331658492126,-0.4418122298891453,-0.5963949016626767,-0.2344730487944019,-0.36883468696305355,-0.5080338944136223,0
19.48503785304353,176.8319045740324,419.63606912271536,-0.07195647064539572,-0.4417240880271004,-0.17900448392933002,-0.6994374996449527,-0.5276804669613001,2
30.407185980826192,211.30456764570303,513.4334964285614,0.009427337512421028,0.3095739513332577,0.4135387351709445,0.5594631756659894,0.6481217197026206,0
28.571034382956242,234.03217689401652,537.451074067397,0.029823600695386084,0.10734118138020161,0.4026852183496803,0.6418111314624672,0.6430486063082658,2
26.0592424468022,215.83116483945398,487.201140952504,-0.20960351291125356,-0.040892567464479376,-0.3883713462387325,-0.1472232052291557,-0.8842438524322312,0
25.55320399238792,186.36229389232435,660.4574367977925,0.029794371488389666,0.4771825408148928,0.342203060331061,0.6560190127270377,0.4732285268342918,1
34.22312779522949,183.99101806728302,545.4339831297065,-0.010319872190555192,-0.20144224017708984,-0.5498676183018043,-0.6636053022563398,-0.4653902977832472,0
31.600669559847642,169.0242644839091,564.7184746704704,0.038005600161125565,0.13876361363352702,0.2077657688074277,0.4487980659425772,0.8571545456951265,0
35.87264873715932,133.86183122702602,542.8047926324887,0.3650508353304326,0.2009049703533963,0.5830358965421808,0.37286948677884924,0.5894171440367063,0
23.972567169050606,157.11151869917242,534.0936406779832,-0.06484608896255963,-0.16133276604877353,-0.5527455658149751,-0.659011193601748,-0.47952404478273447,1
32.53840511503547,190.16253790003447,588.0115911441384,-0.03166425657653069,-0.11601015454816385,-0.5458340598012446,-0.6970092221190441,-0.44920189485248524,0
22.8225476587916,131.63034037423154,712.2705857830662,0.0376122013992687,0.4934166448047203,0.13538134883565167,0.7437685061204276,0.4284922830418074,1
27.72404301330871,163.9974189960706,484.1586999144397,0.010000864338654427,0.1952221050605825,0.7910271410938224,0.3657141535791316,0.44979721245582194,0
32.221928828977454,156.7158979265786,629.1858023651375,0.00847661157242648,0.16546177757279226,0.0689810560051304,0.6833820821548744,0.7076588803376862,1
34.82982957237292,178.36776053944598,542.3819872077235,0.40382482814128623,0.16669322032466108,0.6596990310848807,0.3587956470939212,0.49517850365961824,0
27.35679727053951,106.78909195311776,434.5515445281029,0.14087345881011895,0.0989392097588077,0.5007889706396639,0.5893800284490076,0.61008793655201,1
29.24334947726587,137.9390879602396,758.7799866053219,0.011923431760459511,0.2327455709141986,0.04540627577450962,0.09703504138950647,0.9665452921915783,0
25.36810544207457,161.75965505225378,463.11031959202,0.008401836764658485,0.48341083681365343,0.5213696580486838,0.41910384304352644,0.5645963340320664,0
20.29721423062236,161.76474354493618,534.6594268434656,0.009690600752357252,0.13285084331432237,0.5910991086757796,0.6724146074510644,0.4251084392209377,1
28.624050241751096,171.43015345088872,627.7375984135815,0.018387435821113553,0.35890910858233616,0.07001667625033811,0.14961578947713264,0.9184546448064524,2
22.190003436402485,149.19069172808503,559.7180140782016,-0.18786358843065373,-0.3480525378080717,-0.13727445353880546,-0.7967226890156803,-0.4358387136092487,0
25.972212639007054,210.4497203562546,537.119999183986,0.03209674212520496,0.42114826406737105,0.5372350460310958,0.2376534205281875,0.6902921815037505,0
27.40037245969232,168.60579742712923,589.1671051492881,0.01262592347589418,0.24640100680962915,0.40053833842668296,0.5280834671061975,0.7069823343755286,0
25.59705920473146,121.6593020733853,466.52773695125984,0.02998089836961057,0.16061648967781525,0.568857221040938,0.6458801361204242,0.48222795523608025,0
30.870391353376274,211.50073570607395,515.1705831663971,-0.33127633141244855,-0.4418826892896572,-0.530180474411365,-0.5972697845030416,-0.2391090759981311,0
31.93053446517195,204.88058205163952,599.8728705319307,-0.05751227174877606,-0.3549266028289535,-0.48203041810416053,-0.5645749923308071,-0.5653505100905017,0
24.87906893258615,215.82887426616216,571.2237878517484,0.14938389067667168,0.062285698603481376,0.5605066780868789,0.47583792909310224,0.6581910619358,0
24.337034940693954,167.52997068044874,545.92537735095,-0.14519301189908984,-0.6409031302251252,-0.2136086022287138,-0.36923089873828574,-0.6214515873614933,0
28.605067963324956,209.83086277778386,390.60854324111585,0.008104938355814302,0.15820225730990517,0.6410183136042358,0.35055039399753596,0.6641658668197675,2
32.13449579734819,164.6606022396835,555.781250621027,-0.34976493015837723,-0.4183252874483534,-0.5073516684392205,-0.5309993368520268,-0.4041069614683782,0
29.94290530703456,176.61006355063176,609.6600291516972,-0.39216769056269024,-0.2241945074790247,-0.5031215286320451,-0.5206023880332162,-0.5213283095094973,0
24.761265879263846,195.49490356366908,511.2103236999321,0.008579150751308533,0.5948806317687182,0.23586024432257396,0.30222131431277316,0.7064528678135525,2
29.49440864910882,199.01589214440216,635.1961424842343,0.29986841987444357,0.06747855625223048,0.6243851450741623,0.29215496784250355,0.6559834148694477,1
23.261100228963244,166.9472830897879,507.0465830213181,0.471109397641694,0.2393416391069477,0.5373604294202451,0.34932548714194617,0.5567647511917503,2
30.083086020803172,175.95252736299616,473.2593741468568,0.0330895214464313,0.07070807216340776,0.5297906739412412,0.4473000829021584,0.7163448399632598,1
27.115716601456267,229.01509156487327,566.3665251517668,0.13180124504143717,0.1881607875194346,0.5580440383753392,0.5634298057680159,0.5642319160164125,0
34.396942927741044,172.09875613099294,408.4359312955103,0.012977324890802795,0.17790571902868763,0.7915506018010515,0.3584272512060112,0.4616911246243104,1
26.9187236622281,147.17185870503644,523.551388724537,0.04493267016111641,0.40322206598347704,0.21979609220445673,0.29515559141633585,0.836639632914633,0
25.302816266664173,217.06698344117248,509.2095059908011,0.18372442041839174,0.08041680186639154,0.27014001970885915,0.5028005790254219,0.7962376672846526,0
33.38410374089985,204.63621342700432,386.7179684607055,0.011420805755982099,0.22293080803553977,0.09293848094938412,0.3148136719886007,0.9178377910678881,1
21.939358345980025,136.3876308828609,477.7716181492113,0.029246437791974483,0.5782160619492805,0.33219826931691177,0.3949519129110365,0.6312433191179987,2
25.301896137531127,169.4968440164477,397.03539391936044,0.0348481809143622,0.343431571860875,0.4650350965990592,0.32415752210203647,0.7480004141254869,0
34.26431872005521,178.45767647935514,446.10284481165513,0.1795081118142887,0.24450086165696394,0.3137422152393052,0.7257272178531653,0.5318665190493842,0
26.771883287629667,167.48581164467356,421.07245547952687,0.23827982761458363,0.5072122727134474,0.2900370357058648,0.5459257869913475,0.5511823538336985,0
24.037771015184443,148.25453595960576,484.38532250705003,0.04362019354987089,0.14661121648824177,0.7546897019104866,0.36315010944833365,0.5245644686332026,0
22.617018285155105,157.52836348791425,556.9095813126895,-0.07943967825900827,-0.4908396254857017,-0.6632711290168384,-0.26555688890546536,-0.49225679044452036,0
28.72169345073358,154.52743391539516,566.1963284493822,-0.008639757080527988,-0.16863797288801655,-0.03443223442977055,-0.6799201923405503,-0.7127478810754698,0
26.19825631133888,193.73795111154996,614.0696486916213,0.2046584358361673,0.1437235351389687,0.21228541028781098,0.37207510304481567,0.8683049535510992,1
25.145805273687184,155.5186206074911,431.7537373496111,0.43297636156705394,0.4700889378808968,0.2700773793357384,0.5067252241641229,0.5116987562747495,2
29.400800095711006,170.70454701095358,470.9478299758988,0.008555087996138291,0.30935453014572806,0.5932645171801865,0.23521341186772077,0.704938613412686,1
25.772305151994136,162.95437662235668,442.3321730465013,0.45740098656385764,0.15831076019556992,0.5126188670283363,0.5517361411197741,0.44556836562480084,0
38.343352173913736,184.31522112296395,340.63323898545843,0.1507461417130251,0.27925623754596135,0.5355005892709718,0.6328635089019374,0.4604502715180863,2
35.05224744116347,222.3966123908079,537.4636496505356,-0.010522534656658755,-0.5562779757346049,-0.14887481878302958,-0.7604071817874252,-0.3001021429370936,0
23.151360368076112,204.72203551123766,461.346553404025,-0.1797507765468132,-0.2431729259461325,-0.6571060070333475,-0.45131161200390135,-0.5225764162385674,0
27.62172636222848,183.3305739582483,522.344293690482,-0.00865966195147998,-0.16903380818771654,-0.3131569375369484,-0.6006699535229357,-0.7158777279338131,1
20.439507924991062,170.81201889712085,482.14116726068227,0.034125012844623735,0.3240505984655195,0.07292021675881154,0.6213978366777252,0.7087835097493338,2
33.785524763497435,170.9590276683331,560.6055940712239,0.0333463323009187,0.5338836480875913,0.177261460878447,0.6926106998284578,0.4502500032172507,2
29.68102086473294,137.88792721995858,520.3082471709412,-0.49955252766508834,-0.1635554723767818,-0.564269676190468,-0.4158259280352981,-0.48206369876243166,0
32.02509671271864,147.3345824147885,435.2490509072509,-0.14317823705503052,-0.543669257887586,-0.340110152170883,-0.40346867288547583,-0.6367588592647194,0
29.89460258697436,160.38049861045954,475.6677567932683,0.031063127331003894,0.5524992813163234,0.5929910281337948,0.38256618472792586,0.4424752887121579,0
31.514600620658904,143.01697796697607,575.6442404237681,0.0356928176776571,0.07627799218385786,0.7639968414344649,0.41122222232321615,0.490013061887482,1
31.84442215842335,195.6811312704998,600.1509735609291,0.033649496528393955,0.4496933770356788,0.5431466235087414,0.2449466462823668,0.6645573443125184,0
21.331749785738506,158.95647109553258,527.1092569361313,0.19553719938455905,0.03814573820526199,0.13729422707068936,0.5150524709113424,0.8223024709526303,2
32.367214906296745,193.36654353821433,453.81387719366626,0.01329070370258389,0.04740850182392723,0.22616982540596556,0.7344220705588843,0.6380025262502781,0
32.52676413162398,180.16262777885458,403.5711813172529,0.2018634673329121,0.5561925597458468,0.3699860255962877,0.5746704987024304,0.4275103926505885,0
40.67519297599322,173.95613739480308,632.4732961842177,-0.009856762674699088,-0.08321964226936857,-0.2141969061875234,-0.4585431651638694,-0.8583910451719114,0
27.479581847209168,153.10552342908497,428.9447255319625,-0.008128369885077482,-0.1586698556219121,-0.4959155590713456,-0.6925473106559856,-0.4992031523278369,0
34.4968732338642,153.3244944099073,388.66927750216905,0.22905271794511511,0.044684022597455325,0.16082713054080794,0.8136764724500062,0.5075464735270946,2
22.55894804390566,148.72991008483217,511.26718302322985,0.5238640606724793,0.11788349259705978,0.19857365372870298,0.5172068857947435,0.6361882342830589,0
33.804049665113745,183.6234536911445,470.08863848659695,0.033780984147049706,0.3208190125688442,0.07219278008450677,0.6404161052389256,0.6932455704428871,0
27.664820552341272,152.74552876146953,528.968585889573,-0.306416475737499,-0.5064064411672121,-0.5190970544652583,-0.32498576181131,-0.5240075976609351,0
34.26842849277465,189.45286059237142,518.0803381872686,0.035837357569551864,0.47010659971204805,0.19050643945363008,0.6526018662299231,0.5617237483225453,1
35.09802884068814,192.69226615171445,474.4806661666732,-0.008684484894141453,-0.07934474908566917,-0.5865531116622181,-0.2645401560885272,-0.7613165856138187,0
26.607453686053905,168.32422826642699,507.5217170526492,0.42767691712591144,0.11734452058255432,0.5220061015301376,0.17331335867806372,0.7076685860739921,1
33.85434408722856,94.09771355084196,531.9604998124926,0.16793871351797895,0.3111442388841432,0.1179410821046847,0.6127682244469911,0.6968434941729681,0
26.859572098889007,202.7758696605515,444.19510576847574,0.008282779312142555,0.030644891501861907,0.5219708593087088,0.592337660809336,0.6129231630564778,0
29.98844249872345,195.67629761811077,446.6446464450744,0.5227534429783046,0.1735626667692346,0.23573375713413047,0.3711954356249854,0.7094000161241076,1
22.161743584767194,167.05021021734782,506.6074382573313,0.037283484668610214,0.33988779623642124,0.4570499519070855,0.39185773000019364,0.7215532472668532,0
32.71157822041612,137.15282102764576,552.0196968143946,-0.019197392329765788,-0.6943039902349244,-0.161662022606907,-0.41513590066358247,-0.5648902581019426,0
18.291211408667024,221.60618392864387,567.9376286502672,0.4658464518629519,0.5685900158420645,0.25640355528960485,0.4037613682470696,0.4805480740961556,1
30.19254967917709,181.65653160937234,483.856826053816,0.2610549499187375,0.20526454603204453,0.5981066605091083,0.3861136349830941,0.6187903221608823,0
31.899942917352348,188.3177855251418,543.5835636610586,0.010110568922831107,0.11803362639020343,0.6346033271753484,0.4151084130654083,0.6410378007399647,0
25.877246341150965,209.93737781258815,385.6004390451432,0.03368556441894247,0.3199193220561765,0.322226169430476,0.4714861474983073,0.7552403713893083,0
36.54847672046804,231.27647310423757,555.8819281698685,0.011546033829703347,0.04396638036159509,0.4071693218914045,0.5955424307573134,0.6909963842010082,1
25.01428239693288,178.83212710311736,456.1362595580879,-0.04806092633405609,-0.17682367488385328,-0.7948226091172542,-0.3559102503567561,-0.4560794328705403,0
41.119144643505905,194.7542666537987,535.3932924691336,0.33970655206789324,0.4114452434612729,0.542834940221131,0.3456525154906882,0.5487866947415163,0
28.78932580453477,195.002132811658,592.7074140608509,0.3395667900396227,0.47140713677324814,0.18689934369963468,0.5570274409243068,0.5632572874658602,1
25.939480943273598,194.00800133387278,518.7487210569245,-0.17172253966500944,-0.49094144206248497,-0.13352681244257253,-0.33821406678618515,-0.7728322620229328,0
27.47488712722098,124.92298090417611,558.5181795009526,0.13362110453444698,0.45785972225650007,0.5503005146626149,0.40016953282132794,0.5563663934151812,1
35.28856659661721,221.81603791175212,350.443615229138,0.009483339818605038,0.03611115923658777,0.47369309862122655,0.41017229294644614,0.7784469081845917,2
23.873134279766973,142.13464673842438,665.1310200782182,-0.15642695454932862,-0.44279260346772187,-0.5309600265874,-0.5979488845589447,-0.3741709500024295,0
31.05945232978288,202.6577919613354,485.12605651855563,0.551920143609165,0.22366181399051813,0.3037792335886586,0.47838848489331703,0.5694051130809008,1
25.77615502253581,133.87839751554571,457.44616799038687,0.1457627768069253,0.4993714969225208,0.19797976981246837,0.5766190330750689,0.5980767696537544,1
26.090705229858575,181.13233149323585,698.69464390607,0.057437349060789525,0.4396532964634356,0.567703927181717,0.36811282169919834,0.587887005643783,0
28.16131789048178,189.364411027382,592.5755295796955,0.3846063256382602,0.4802315389564483,0.2750604959848837,0.6199040261471815,0.4018909866936831,0
30.910002201815903,157.30409099102124,336.3570961760888,0.4720878539892182,0.12953138865990582,0.5761919787047275,0.3329371303405881,0.5634805661108431,2
39.93257264414869,191.6970391964396,412.03850367632367,0.08965636335573803,0.15101553119724606,0.22304439021227068,0.302942012765274,0.9097435807652607,1
24.28759120362718,148.29300876239205,387.2093094532383,0.032273624847094735,0.5206315243360312,0.30022048547323593,0.6684772986778047,0.43692904488190004,0
30.415466310913022,138.66795976365685,529.5698374519905,0.3202347487093223,0.44456607639633583,0.52322819187159,0.5283392275037216,0.38327617894698557,1
37.479149583891555,206.7195693354056,433.30353302448,0.21408458466126704,0.3721424372564844,0.27684143583261134,0.7431694929743565,0.43212928750732976,0
21.061614440201517,133.662722765597,406.21603585453545,0.18531984563629056,0.43722578147111263,0.1217920417757889,0.5158624525370292,0.7025260133638342,0
19.384208482610767,145.07745300275946,344.79175255669395,0.35514984309573144,0.13461399447923203,0.2700440585845511,0.34645893059498534,0.8141192033563545,1
26.576050227680533,230.51833615692874,574.3580922338275,0.20892180564124982,0.28495483020449347,0.44998906489548124,0.5354239099922291,0.6212757052660692,0
28.26691243716288,204.27832095422178,447.4822730672425,0.37439129123840664,0.1419170298426236,0.6314295379177358,0.2107746756284109,0.6297312859023436,0
28.052895607174257,161.43209561185031,486.29378698615324,0.14625950699272514,0.2709491269589297,0.6119413909973355,0.3858799914283383,0.6179151182921087,1
33.99416421459874,179.86928549285741,618.3110897168505,0.13382873494610656,0.1909404831245539,0.5320568969525419,0.5724063026255822,0.578703797055652,0
37.42067675203161,221.14560953815524,557.2998060076131,0.00782210018360917,0.1526824725331761,0.3907328167153432,0.6382622740396169,0.6454270003721138,1
26.7463249243803,173.26655359317164,393.05528024252595,0.03960719303052738,0.08463619592119116,0.5195732633800021,0.21055349508009835,0.8227872351285246,1
29.66317460318008,211.27134647377588,612.509464820217,0.007608117749547454,0.2751091430067564,0.38003729159362454,0.6209374221463008,0.6279056065643038,1
26.692983927229463,219.30892540025548,617.5644396534137,0.3521445931374825,0.07989238299187414,0.576431996793363,0.6520686672657481,0.3348790810232913,0
32.51658765122129,127.53915600524354,537.5128617590549,0.47254803387501837,0.23806395352844612,0.5372732204569787,0.34797320644081786,0.5570242758537038,0
24.722307376095156,154.08576287328847,674.247636409224,0.028745203909286466,0.2729898521465144,0.37716207048595574,0.6140845353310331,0.6366311411887215,1
26.011813478471044,242.70163442994095,525.6960119364696,0.00788279311265383,0.030018636936727666,0.34816742060246425,0.6620327634142034,0.6629696904130566,0
25.803772856631863,179.95296528296342,481.1757733709118,0.05851326057488967,0.5729780125709814,0.6004476265858975,0.32530073082682276,0.44934894870022896,0
25.67151261125678,155.13662301990155,465.8677900191092,-0.03201868954224352,-0.4504293034597953,-0.6135589650147351,-0.38051789773213157,-0.5242516304793786,0
31.50400336986766,178.81413985843346,468.70570530142083,0.07593142044413154,0.450476002511932,0.24791015944621067,0.4583402897391698,0.7209511233054393,0
32.91103350704752,201.3397620109027,568.8573547437842,0.34695961962429483,0.19423223009094592,0.6653909470380723,0.26380814726155355,0.5740670798628555,1
27.58689040405674,168.5502519899501,478.42225926261665,0.011516006046915283,0.04385489698631595,0.4164839775520355,0.5754112104358593,0.7024152368522638,1
31.560389804135426,174.84631659415507,531.4789602562018,0.3592794854198502,0.08084767534222521,0.2731612008603586,0.3500166255198669,0.8168556940809177,2
29.907805299389814,196.2815039474546,756.9459741013536,0.155345468268286,0.48520499134392736,0.6294791061039626,0.34434403303370836,0.4750022565799902,1
29.67203526511528,172.13040269506703,321.2657288584499,-0.035142831343997476,-0.33373088310579513,-0.5627597006548515,-0.64011649165251,-0.40117461971054164,1
26.72995471656464,149.6743879719549,439.150166464675,0.027466990756873144,0.5705065826934922,0.3709535606381441,0.5924801786884509,0.4302656124225353,2
33.061294552020364,199.2695257547303,561.9804581422952,0.527972003628084,0.20933247658236737,0.6022242844049049,0.3293328066500129,0.45419301114158994,2
17.89417881938306,221.11356504090475,592.1781445337296,-0.17617382491066919,-0.5039250913731267,-0.6786422136167974,-0.27204928936763384,-0.4248013838875636,0
35.492214983775156,239.63495525662702,487.0518728521667,0.008059731983831165,0.29567097994666514,0.6876161771109266,0.43285280511505286,0.5023307221513659,0
25.332632795007534,199.1660270992185,578.0610418660355,0.0701491426433101,0.4306284212855688,0.5255918468177238,0.17450795775344474,0.709181530926295,2
22.853691670675797,181.55063966684318,550.3125919955986,-0.1510140635013822,-0.3147216941693751,-0.5064853831276793,-0.6170569248827962,-0.4907731818020966,0
28.708375606074032,194.6335803375139,430.60202826785803,0.35855561965216515,0.20183731251151618,0.3185608895802355,0.6005285120223611,0.6071112194417416,0
27.680930884068083,233.31482434981504,494.1676742715861,0.007497033031232363,0.15227071508839227,0.6179372018978269,0.4522401941099733,0.6248118478104078,0
25.49214259540948,152.01361160921667,546.6176101967231,0.038890655633791384,0.08310370872500139,0.5101517042381577,0.28078235897650494,0.807767166980075,2
28.8095744940048,189.20458761861832,682.2024890840268,0.29654280793089477,0.3932581441198765,0.570457768661685,0.2748958505076127,0.5970097157459657,0
23.943784569399796,157.49710844790275,575.7553751102186,-0.21035565982078763,-0.576034764627172,-0.26954100706616824,-0.3935598711572117,-0.6295972678202745,2
37.63435840789745,113.58729085298404,432.6951217649232,0.008273666402103147,0.06732133472580354,0.29145467538323144,0.6714020262213228,0.6779917962026977,2
31.919787292460658,161.1151098666537,626.5868339104751,0.009686682189251629,0.1348934421147377,0.6308773297684349,0.7121979575527289,0.27654618331225117,0
26.850269595451667,178.57015723588836,396.2772214080486,0.01139861415538675,0.4121662188699389,0.15622086968304216,0.586122406534297,0.6797386586414756,2
27.763692555509593,166.60195130493764,510.72721127594735,0.16912786371615068,0.3133106952010286,0.07050344161865282,0.6008207921432408,0.7122329776384643,1
26.928716094599324,222.72319525618485,352.7530232125076,0.11696722244379383,0.17409778687007083,0.6049961754262192,0.3045706838690243,0.7051417983128853,0
26.420167276874153,158.51220638871118,374.6963604827416,0.03195145409673638,0.5829962441463953,0.29711742611180764,0.6619221665839299,0.36424547269366514,0
31.792927015354323,168.24427454469102,352.3058917344038,-0.006818483629744934,-0.3406436168568424,-0.5135498927791817,-0.549773096306301,-0.5638541343113067,1
31.00313692984523,200.1685069191822,374.4534266945002,0.17200973300351216,0.5372461936334799,0.6634252444933424,0.3104340984096129,0.38115193124521574,2
27.297929434932474,173.5053461209526,475.82469492171833,-0.02808254462457424,-0.38706009999039453,-0.5301116076456561,-0.6020533981991706,-0.45377223233578706,0
28.262219839464567,143.25524765470067,479.13896970322145,0.2688280878293416,0.10190014704841294,0.6161997382918228,0.38806106683907227,0.6221368902085308,0
34.476058165212535,220.9480791854068,545.3570630893892,0.031008540500060987,0.40675733103063977,0.1116060105091108,0.6130474306073704,0.667310939752098,2
26.93046207314456,197.42453556250035,493.7571403591621,-0.037754833022612136,-0.3585715759313092,-0.7196304424638592,-0.27755084906696065,-0.5244983793864872,0
34.12497262619355,198.1098231407031,542.026918765408,0.008706798678549572,0.31484439392246744,0.43493613070039894,0.5308683839308066,0.6555963090396592,1
26.009954124908596,128.94505423761578,591.4732929283899,0.37666475334120797,0.10404569376075443,0.5813124217725191,0.3322944370831784,0.6316283975382936,0
21.43632857060016,170.44776489237898,480.9160400325021,-0.0063876553602476936,-0.36137920607080404,-0.4850028703424187,-0.5601736662274358,-0.5659875852910223,0
34.11271460588536,167.16583327051845,459.09534127460984,0.33886577494689474,0.6498123735478845,0.2576405549758639,0.4053330847900919,0.48191316703321363,2
29.009138413232815,178.77323425679418,454.583144985119,-0.14634195286440357,-0.1027907192499156,-0.45740199859018954,-0.5898847836603485,-0.6409660322978138,0
30.674568625121182,131.13413348631343,459.8880322460862,0.008394347568319171,0.16385389340733417,0.6321503404809247,0.29624578910801136,0.6969259759901211,1
29.29483911065796,232.85556507895802,568.3778424982863,0.16317553869992404,0.0680215953680933,0.16921460228714347,0.6850440304775048,0.6861690030987325,2
26.9168161211138,194.46692189989744,503.89739952846253,0.008828935802088534,0.31929200851858114,0.6285663215910322,0.463026328352706,0.5371086126683353,0
28.42446418224153,209.3793535971248,509.74892069384396,0.03275870882585119,0.45910218119637275,0.26859488061029013,0.5952539310659136,0.6013997022590855,0
25.591644835099288,192.22237626271314,428.53196434660754,0.028535492147858135,0.5774148594098018,0.2686448969994445,0.6214456062185401,0.45542626587458435,0
23.558204952218475,123.92131709123566,532.8915796792875,0.1714699438955074,0.5357459361745996,0.1786102956616505,0.7094657197049141,0.38513777412780387,0
28.363508165449385,135.74333758361396,478.53239230133477,0.07912870069078021,0.13328653695958023,0.6744688702453528,0.4233519360879201,0.5846693331045152,1
21.427571814678203,193.27973188374798,466.5666322164331,0.1649835159651207,0.11586471615720144,0.17113891839901121,0.6525744618089941,0.7100801711169775,1
23.142198712899358,204.96509265224134,509.31318741866784,-0.010635662020004993,-0.04050106499111914,-0.3846185437021028,-0.30284832507063014,-0.8709753235714367,0
26.859538453785678,234.15764515639862,327.3244024094125,0.008179072641108396,0.1596493007280324,0.2881225119252772,0.6637261564202201,0.6714895464214553,2
23.87511513347721,193.88147581298915,422.6150213346972,0.4108392119948532,0.13442294509293112,0.46580474570647157,0.543348689958424,0.5485797605797945,0
21.071158301216492,148.70352220108728,366.23445536581977,-0.1331797646443801,-0.4466254400271129,-0.5443904000985492,-0.37081883066494176,-0.5906956523580329,0
31.87620396439949,147.2557305902203,330.76562512779003,-0.2737706314868282,-0.11654632177442688,-0.7473499462566483,-0.29569517317918437,-0.5152659688014259,0
28.02128358204868,71.60341369033232,288.0534403207158,0.04333400739384664,0.4114990959998933,0.5684378241159043,0.1559678737299462,0.6937889594631759,2
31.250258635800993,165.3271576425347,384.2383319551335,0.13104865575702984,0.22075433374439152,0.3260737868780641,0.5733340761126702,0.7064401578593725,1
26.856926351608895,204.70332150899952,528.8168258624189,0.21390819038353326,0.5475485894997852,0.30476683901266444,0.48202297949239375,0.5737637573977131,0
29.250689687645057,156.7828148844166,477.66409398436724,0.05833602970848047,0.25814193053500806,0.6040184044995622,0.6097555141731773,0.4396812837712309,0
22.69902276039988,161.47023621210437,492.084980780229,0.1490593420928049,0.5748952977116732,0.33029116614082105,0.6196995807760056,0.3926281757073049,2
33.36709882119464,170.74880710847776,586.18662188846,0.21076624397115531,0.04111666677500814,0.14798751844029112,0.38037666252798297,0.8872994416236054,2
28.602350899383474,172.84855603841555,540.9564079582667,-0.4759485677229755,-0.27494082054527524,-0.5230044597181082,-0.3804077541235066,-0.5288069418965852,1
35.2308637230127,146.63946857842114,542.5023001224467,0.273454532751529,0.4610499623651831,0.5981335492157369,0.38896147591219615,0.4512214293221212,2
18.33271105015065,172.4085762162832,438.00471894555454,0.04465217286525123,0.5857795700474416,0.23738496497808226,0.32242390543604177,0.703249374247266,1
34.88961619422375,169.83131392875646,530.1829311125801,0.27982997006437493,0.34144274074881864,0.4058365200699624,0.47054343326655884,0.6473002696051722,0
34.030451817481335,166.60941636788485,654.7774245065356,-0.3249112225268772,-0.12315378543840265,-0.1818969508849037,-0.6231728571897113,-0.6766350064318788,1
23.190011000659194,169.24551192619165,423.16865703989976,0.06963480296883039,0.11728919531267734,0.17322815955611606,0.676857023654607,0.7023181708774338,2
24.17837106388868,184.75188530281662,374.81712433144844,0.03750783671297878,0.3561904310119783,0.7516414200881968,0.34955405864876654,0.42961456531475656,0
30.93819270024187,144.08222125126727,425.5352192488722,0.13194288856743264,0.4706251481195297,0.4937074069736586,0.5061863203365942,0.5110102244744208,0
31.788444933351293,183.18209199399774,495.1855055364183,0.11840944276232156,0.5363481224901946,0.6083560691431051,0.2393833944197437,0.5204885963964923,0
30.41503381823303,133.74754358994585,498.58386970823284,-0.5022189232904475,-0.16039770444463441,-0.566504103880966,-0.4134053033314321,-0.4798102593331511,0
28.734353614886825,173.36082590111945,392.624843672696,0.2036175573005983,0.0397227585721358,0.3772208206398584,0.7234979588809693,0.5396453916983082,1
24.649766612146497,161.2002416567297,622.5615293657011,0.007340512593245433,0.4475117644850333,0.5805597695446127,0.3174877845780587,0.6015240628207511,2
34.74973667662241,139.5140771991657,473.33133601639975,0.03331832192222586,0.4370575733468681,0.17711324913091403,0.7100600162756392,0.5218392829917692,2
25.699920212472367,125.80647927669993,563.8597183024086,0.03976821105403953,0.08497902899093718,0.14313422948539786,0.8260058490054021,0.5370511928855621,2
34.131409349033625,220.13749831875583,518.5615815235421,0.010217146148214513,0.6229363612680753,0.2068247461748869,0.44236084433513184,0.6110534407917845,1
28.078480573109253,225.712753906729,640.9133618801035,0.010905247978448565,0.04152620932438163,0.0887370958669593,0.8211111199479307,0.5621911650147386,1
28.788013733573013,224.5054751941821,562.936097153911,0.06850202822387344,0.42057870495083255,0.513403368039297,0.6006186507192387,0.4405624168777942,0
25.92521777533545,142.64150943742942,467.34856464554946,-0.03175349572597753,-0.3015604566440534,-0.3132555201890895,-0.5296335005735159,-0.7276072708811511,0
22.21807482415774,201.32680612451384,470.52672165516316,0.008934259993784806,0.07270007797205393,0.1808632745541038,0.6727520702905245,0.7136721975098939,1
31.599414586527278,135.8572990337196,599.5826213190518,0.5027208905957614,0.16689485794924405,0.2931402085715943,0.6696795293439468,0.4301348145000336,1
24.241910335651156,124.17262969135189,420.9776981861928,0.14817956764897808,0.2703472274036228,0.619086397330776,0.3331376703493431,0.6408638838324008,1
29.12649948371938,152.09956299272446,447.67378776428615,-0.00881551299683323,-0.31880616517799165,-0.4723887373204526,-0.32506659773733126,-0.7546293816592158,0
26.260488141207205,170.05447083043828,586.7301243473167,0.02660197940155403,0.2526216059551533,0.4978425940268915,0.5859417619814794,0.5867705361000787,0
28.86693319293057,169.66650710284668,513.2725821517035,0.07075101825851841,0.43433276839314017,0.11917104722001486,0.6029621317409115,0.654663477602252,1
31.770846012320185,160.83614217366525,436.15849167693153,0.32711503808009,0.4518961064636899,0.2487323195769326,0.3192077988875666,0.7245855885622156,1
35.0157526375125,198.48591700293574,399.75456830568453,0.027679977100887408,0.09962750413318223,0.5472787430056207,0.5749674876019072,0.5993384227152679,1
33.235654650261445,177.9040669071683,444.4511338184847,0.04208007366975039,0.39959238954735615,0.15145520301414572,0.7662633910154956,0.47797167979406485,2
25.841252010443142,143.2727294480103,424.2694376224249,0.24185909425186192,0.5035478304361407,0.28929938446665526,0.5492618916604283,0.5500554531204531,2
23.703085787251965,217.35931404542308,509.0743890541086,0.25136563661051153,0.48202334848787504,0.2448858026222891,0.5641332672672209,0.571185966809739,2
27.172785154039325,225.43002726389327,538.0787120214852,0.36346701009981985,0.4674949752404902,0.5073657799042323,0.3657575975193213,0.5080762993223115,0
26.59025108262599,125.3056861517706,467.73715369668787,0.008487758407916468,0.03232009335565237,0.17180619851460835,0.6955361694941258,0.6968467812942012,2
35.96668340929997,211.28867646359316,554.0268361774139,0.14748518806083052,0.25667663595704754,0.6007516318228081,0.43533890276232373,0.6016167720903101,1
36.7567987636234,172.12638382339247,487.6168827666721,-0.15645850589517052,-0.3486300078654543,-0.41528360831760736,-0.48226258143260653,-0.6700299849719048,1
27.821160264997875,199.10599212060833,496.0885362241079,-0.007604875100175354,-0.172457418426285,-0.6248383231536789,-0.3631272251296441,-0.6692654876748055,0
26.35674082255256,172.57291300667993,452.06648928012544,-0.3847482427589846,-0.43760062288023294,-0.49914586195643934,-0.5191551963895521,-0.3765710757641837,2
30.828826670960357,161.95992331222382,541.4429106500281,0.619942712004012,0.1700997770932949,0.25122547835411707,0.3412102375076287,0.6381210171367613,2
34.62235592349569,159.54121710205635,372.23248968690103,-0.1827073850884533,-0.03564404961765815,-0.3384991002740316,-0.5013138753414954,-0.7742417391646851,0
25.095491835777445,144.88084867713556,513.8087541220814,0.2067901562780527,0.07667258398363797,0.6321396255066434,0.30653945361948315,0.6766034313915057,0
26.514285192287645,266.0838165038501,432.8437602678128,0.2947287400198564,0.05749661214868527,0.5459954473050997,0.754248224353903,0.20694853702990978,1
24.30127665493325,158.43892323137845,500.93213894540787,0.05764981729732975,0.5474514388683873,0.3064702750901556,0.4162511755545657,0.6555794002118456,1
27.199708974669736,196.54725625628285,455.02125860396893,0.09768011580543857,0.5783690147864821,0.3664421102726781,0.5840456781996861,0.4249219967315476,2
33.28897853356881,206.75781982818,509.33578424822736,0.00865081053172325,0.07040305311379176,0.43225461630623935,0.5276616274916419,0.7278033574697348,0
25.479292853343544,190.3346090326268,663.592829804112,-0.03842829797624222,-0.36493280417575985,-0.08211977512860777,-0.6999819643726042,-0.6071481750256381,1
18.984170109032956,177.2820107125836,410.14303648757095,0.2527172495857082,0.4703873231195001,0.5342622676661823,0.3504553331779905,0.5537279537874154,0
30.933690671126747,163.2103731239948,567.4672162530057,-0.1728519323283836,-0.03372090299841272,-0.6142010669833499,-0.24350051004697817,-0.7296914835152535,1
23.409664060606033,187.89649489725088,598.4044969196711,-0.028226548240110488,-0.2680505535582977,-0.5960120309666003,-0.6113136270088284,-0.44544076046980513,1
35.163753622203856,238.75687337182458,543.301472106112,0.40249226319260245,0.6786592049850679,0.22532312018470466,0.30603811864343383,0.48269226532703946,1
35.34878225851254,131.8241819590989,426.2164790647816,-0.007220320432267827,-0.0989703435755791,-0.5438054849338329,-0.5817469948641265,-0.5966563220044048,1
33.213231435375555,187.5612834485203,449.2996011829517,-0.45969671970649,-0.21683184628011565,-0.49388525503770586,-0.4985234654626306,-0.4992139677225777,0
19.471832073037596,163.34210999188733,393.4836272536057,0.23226390100632072,0.320914462577046,0.5025754943195647,0.5404019090048867,0.5463067245161192,0
25.533029974181172,222.54959886492765,586.8034783472805,0.15824430811639725,0.27539518374215544,0.6183094083290525,0.33813048147674946,0.6344111323018109,2
25.882871853380813,113.97766984673083,421.57201313001434,0.010015285405256626,0.03813732042236559,0.6106386587195711,0.5163791013250715,0.5990978977104889,1
27.840020782136097,179.10924501133385,478.25661831324356,0.2847078882276554,0.39329468445761295,0.5459732903831462,0.2164676677676156,0.6475458474562132,1
30.724399865950648,184.04108886088298,522.7685662614848,0.3079365381153381,0.4253795845883926,0.2341253811302313,0.6910917311946737,0.4379552745360195,2
16.47321877800485,191.90013531671823,650.7903599893879,0.30909055892983706,0.27736885770744585,0.37211224084765,0.47266987370913655,0.6823820146029915,0
34.11249360967512,200.8073511369271,638.289212655213,0.009182608414738818,0.03496614433645763,0.18587510594984452,0.6367363942310992,0.7474692352884204,1
19.005591429128323,201.15449579788748,473.88584562648913,0.4056196956155498,0.22709159384105737,0.2914401094872986,0.6743867154349082,0.4941328679236228,0
23.557036374630062,155.07549551623902,474.14644789909437,0.00868356608265315,0.1695016110700125,0.03306767727130938,0.6663241878017965,0.7253360634870675,0
24.81053787104745,206.2869767654785,528.7993597849675,0.058599800739803656,0.5983492653495116,0.32443706253972177,0.38610739750012696,0.6198434399549864,0
28.189410543794143,228.00734703726982,600.8763985603767,-0.3246517828059531,-0.07305528163526047,-0.6523213535928447,-0.39892327913344133,-0.5519068895731691,0
30.842149432533493,176.79994438820788,565.4382656776478,-0.02954973683090293,-0.2947102798130665,-0.4778418513950628,-0.5396252602234377,-0.6266932324589553,0
25.77409411070775,202.1752165771269,453.8993241866188,0.2629813772234362,0.43131139497108983,0.3049582352689105,0.5681774740179063,0.5735731065540475,0
35.45494492824141,221.01781506133642,521.4828675224544,0.06852342413604375,0.11542101734695376,0.2318786378360976,0.6725157365533844,0.6898821714630701,1
31.917186814448254,161.8894315691507,581.6654008230751,0.37973634199358736,0.08390455919398297,0.5165163653581252,0.7087595993306326,0.28218967059356664,0
31.12406353629286,137.6639961473189,465.49587560265275,0.126362486888865,0.700490687114831,0.32578187441597356,0.400412639403878,0.4763204884112044,1
25.42328914772342,212.54036099547022,587.9114456638105,0.409088725480114,0.22516428675028008,0.2885202719818407,0.6773002386741833,0.48986518349920777,1
18.23698954353655,150.45647181649537,603.202329769968,-0.10324299069386199,-0.2082023637505262,-0.5987539343697353,-0.6195479749630735,-0.45127230515199807,0
30.521426150399797,184.59376738394772,608.0070676946405,0.15208567874704945,0.06339931771718597,0.4750275220638273,0.5866045280969331,0.634897199341058,1
20.89062465622176,186.23433901564312,530.429500853947,-0.17813346496562052,-0.3300141341822447,-0.6329962446301385,-0.3968182399725202,-0.5488261825100355,1
27.11092995408994,188.8080141917899,503.0390369912625,0.009612052245730765,0.03660132292664652,0.48012465027693857,0.7236353720646619,0.49436840524545084,2
30.486413616403656,193.63944042894062,406.49131707141703,0.20538944957715066,0.6835891965526681,0.3269263555913569,0.3995261554946703,0.4733064477210034,0
29.524507642739387,223.78465502899053,664.6615075966996,-0.016961520653729918,-0.3310856168989396,-0.6133894011369954,-0.35680987367113765,-0.6217192113191826,0
23.725032276047585,201.0090587377204,494.21773976401323,-0.4438496937438696,-0.14470877880981964,-0.30969410942301123,-0.5853245912306889,-0.5861241337704487,0
36.08420221032617,133.83106843754248,409.78456238089757,-0.2952196426859898,-0.3508458527439022,-0.558324580404012,-0.406736263386146,-0.5590991192517836,0
33.51137765101091,225.645268932643,462.0389154923721,0.012090800823010152,0.23600327481846115,0.24473773924308875,0.8383624744271647,0.4259202592891815,2
26.3561677221692,171.53071420935282,544.4537631039193,0.2856739599497135,0.10966383238628978,0.16396816591532407,0.6517180313708456,0.6743458167924492,0
33.70462349615579,161.81721958872595,620.4220971292382,0.010907070250298455,0.08875587150302004,0.14950201473281333,0.3859161117228302,0.9059367159994434,1
24.187358072134778,179.02820690204555,639.7596940189226,-0.009295605971386884,-0.13465757425257313,-0.2724009868951458,-0.7477893948519416,-0.5902454173405796,0
32.491943016162445,181.47373294344206,556.0588872141217,0.15137812479541696,0.5051116403477235,0.34964295432262155,0.5472100319340314,0.547957917692555,0
29.970274009807184,118.77781699453239,536.1346639848554,0.22964536829044632,0.4403697174503928,0.47811711016573805,0.5023002954300169,0.5219539816431021,2
28.4281593714253,226.10696130616216,467.5608828675679,0.306335184716487,0.07031931199527738,0.3424187333983513,0.6256739927879832,0.626494544854014,0
28.937155798834688,168.1693272072998,643.3540614512871,0.19607250573098492,0.13767008694277913,0.2761581435432903,0.43446451200166525,0.8231523475174076,2
28.189715505548666,133.24567176594377,366.16183920115486,0.035919426307440744,0.35135812373263137,0.5785296896328219,0.19248479951819863,0.7095845713293228,0
26.64801716458362,168.3765827571566,603.1425610783277,-0.029518517437479807,-0.1062767676838101,-0.5648602953513044,-0.47746326288377683,-0.6639243820729807,0
26.741254233138825,146.10179066808627,507.68427476045963,-0.0819185964564662,-0.507087964045299,-0.13774275856253262,-0.6799760732965068,-0.504787690502496,0
26.363222408579944,154.10378130701227,573.0127753937961,0.17905573848344147,0.12670092163148003,0.5777942959856797,0.18852095456014742,0.763216561790968,0
28.157112098685722,212.81643275127504,542.1391412086524,0.2385811994366009,0.4575022668766027,0.5354285005695212,0.5406837291205793,0.39338036671941456,2
30.53548257114715,166.68620581651035,497.9305419671846,0.013917370768056759,0.05299723086061355,0.6952720458727638,0.3834000603615973,0.6054740095616298,1
29.45729172105563,195.9219492924106,470.336500617563,0.008769219091659963,0.07135356016878697,0.4508644623153863,0.5228194948537638,0.7198699762246477,2
24.214543403090076,149.9152223763713,496.7126859362858,-0.2267673655215164,-0.42011033820394933,-0.708408613940872,-0.31945222694557757,-0.41011141908325116,1
34.098869817779864,198.04980513694932,474.52132256047787,0.11923036354006639,0.5303702016277765,0.17609491560872997,0.6880527105440902,0.4472869524646343,2
32.56853808029096,138.6766075662254,455.54723834409674,-0.010681340808807872,-0.14640885489681912,-0.6513364960717127,-0.3771118072787594,-0.6418705553788082,1
25.299483905462775,190.82794412573529,392.450373729641,0.38500608708509143,0.08812390815475145,0.28063354362243725,0.35638705736598997,0.7988977213979798,0
30.411106531828977,168.82566234294697,425.12763933095306,0.30901125590439615,0.4936342725920427,0.5113245015397904,0.37037766881895595,0.5120594547630514,1
21.86603430549225,171.35004143822903,522.0853390183943,0.040270978670502854,0.39245375322503157,0.08686660185369452,0.3739731834784629,0.8348392368461616,0
26.211902480347746,133.7960036786183,463.3842170540808,0.15889964113046454,0.030999206214668507,0.6226653322610232,0.3555803555704794,0.6779678812416641,0
28.52272569135915,214.12837041642595,691.1024411433591,0.007923584443792727,0.21783414164786774,0.3427066023758206,0.6429937717872926,0.6493047802633761,2
23.354534873466704,235.84327830560963,507.40463477073865,0.028566937980295828,0.45736424062890324,0.520188522376717,0.6087921078773112,0.38571745102108695,2
31.043989833030075,177.01345256709658,601.4863343111508,0.32100549268884343,0.541220717481539,0.2440620898916453,0.668332891138483,0.3127306373423619,2
28.574021439211656,146.8406621503497,568.4269013139714,0.20716603911876005,0.26545291346382577,0.5959844115836286,0.3874355799861791,0.6175056562327991,2
27.693394515084215,203.45150482863306,494.90225690953247,0.035379509053534,0.07560715078475222,0.33020340245672636,0.7534401811567166,0.5624281780937703,1
36.547242056174966,172.0758032444826,341.77591561723,0.03454090844486966,0.41750103439733244,0.11733133658976821,0.6104169310166315,0.6619096159622219,0
27.769188158258036,122.9605052713431,509.3393646051542,0.11143223128462552,0.3519637976891904,0.41884319055444963,0.4860519224453603,0.6723304644001126,1
35.509171193418155,149.46193835068112,395.8471173434887,-0.11520699437273665,-0.5425475207984887,-0.23690948225172367,-0.6610892822155598,-0.44632319487334465,0
34.876163194602725,200.88283297682108,696.4138731593324,-0.006784468353813712,-0.4933145963918435,-0.3016199840438159,-0.5737672327624939,-0.5800096790652612,0
32.96666853695465,157.74732105087165,478.6416942631365,0.05333099679021801,0.5384692950097364,0.33932274438134313,0.5436997902135612,0.5444788667894491,1
28.926865882581794,164.34136802762808,529.1252869694133,0.1588705493088166,0.1647639664229152,0.22378535500673566,0.666160488469532,0.6736195531733377,1
32.645668834277615,210.36809329290045,553.1816487992393,0.047302421425427316,0.10107854057290312,0.6204955324585623,0.17025135378990788,0.7573277892000347,2
34.10507632959994,244.38908290087545,595.1979225546081,0.00867808488537298,0.12296151152359665,0.7021797169341678,0.4581356558871341,0.5309053808897327,0
27.683483059169948,185.76258621515052,575.7725307960092,0.2490879024611933,0.4354999151092873,0.490027593652346,0.5015134317067798,0.5066086024380826,0
24.64102166800249,207.45792548924445,480.9005833774696,0.035184103018147436,0.12663471018526098,0.325491761325266,0.7571702317531023,0.5508848178407468,2
21.484666783356992,216.06129565749146,539.3716207494648,0.1389930698917651,0.2788120165430893,0.7634838146203545,0.3572567617591165,0.43863978039318435,2
28.9896686933034,161.79552226199496,533.8414473308142,0.259821470866356,0.3535546505257,0.4284052612734763,0.5515179813843378,0.5654986831916086,0
28.119243918107912,194.50877991168835,440.3397146051388,-0.011424362509138876,-0.043504062787669474,-0.6966553248480404,-0.40340112049967775,-0.5915367907431472,1
29.556876426501105,170.79778052578573,556.3920244984779,0.34682539928635914,0.302187880621725,0.5708619528890281,0.3596084708585381,0.5772287290543645,1
29.225954120710952,170.45148047330852,555.5848205522329,0.17788934474976684,0.125682833747363,0.25429719397299755,0.5530684787069008,0.7628940957459466,0
22.47464673442693,147.84119295380876,509.9179144238717,-0.42717921487733207,-0.2671815345639467,-0.49541141118619436,-0.5000074193876269,-0.5006915819031412,0
26.957065655013047,182.63541181975467,455.8502964036764,0.09655367575874926,0.4098106231963302,0.4975805896822837,0.5334586591796429,0.5390436499306882,0
28.424676779618032,207.7493297826763,539.6177882302567,0.2637495521267785,0.44470812005740534,0.5491837489795492,0.2569666211549982,0.6041822797607385,1
28.5727895297098,203.99700805040385,460.5635366553741,0.4581274260564829,0.48087239293809503,0.26020712927803474,0.4931803727795427,0.4979421381875284,1
24.147165543402494,211.58763298635773,479.8647307356584,0.12332244635399452,0.4381384656916256,0.4997884983349829,0.518171210112548,0.5239621294036572,1
32.59168634497164,192.67138419096815,527.1997294299092,0.021934698771113308,0.08352399345360458,0.17847869311510078,0.6030255871251172,0.7726888823347442,2
28.997508316155677,220.83772755945864,630.0869867397823,0.011995540186879898,0.16443513668218185,0.24287729598847388,0.6238813874399276,0.7242926386063133,1
24.053578893041276,203.65789873304993,542.9534029325008,0.2012833947878667,0.515188115596457,0.1413516143858288,0.5358573610588185,0.6220472733164597,1
23.72101140063118,166.39190428824494,538.4589889847352,0.16645620903500144,0.5702842643559308,0.2910081183224306,0.6590266422124481,0.35786358885242137,1
28.469162892740663,145.04388467126054,503.61291712325266,0.0106782617001789,0.07840497880451179,0.4572681193408801,0.528342730814655,0.7109841488074782,0
28.368717727616005,180.6073461454393,418.50342516155945,-0.28875435052849935,-0.06497759685525265,-0.601190510124246,-0.3453961692862036,-0.6570162050792552,2
21.104297418721167,181.30327014183828,499.1669584116909,-0.009428900165681913,-0.037949639815914774,-0.5106689900025055,-0.2770978080864179,-0.8129605821213176,0
34.316043689734094,200.74631976297806,555.1955922626133,0.05457357550452567,0.49972423457081466,0.5427922629462828,0.39650744607257626,0.5435584777500228,0
32.44669799114802,204.6218567031511,556.4759496660661,0.06581102933965136,0.40403733186373914,0.5717211637285777,0.22403393317786477,0.6748084547539274,0
29.91381999471349,189.862522816691,611.897597014518,0.058962983040351524,0.4399343202887235,0.5666832785011872,0.36976769236052276,0.5874717661442138,0
26.7609816137907,149.76632703721336,539.0491024395668,0.009082956628010185,0.17130567336116678,0.29520754388720116,0.6526742448692804,0.6763436273741121,0
29.314677587118197,163.99780000944278,521.8447864484649,0.032013928011726374,0.577453310096211,0.3367223006832126,0.3990861044326107,0.6267943494828241,0
29.337745852465,199.86914661678097,745.2390090603684,-0.14507240248226158,-0.2681472689205468,-0.330294938566721,-0.6282191057233419,-0.6350567289383265,0
29.43563694366718,184.00372377849135,381.35769574856914,0.2043883944813343,0.12330304707988896,0.5158565645558993,0.6513840064459304,0.5026058333656609,0
18.754195346521072,219.4704723687246,473.05798273724594,0.009649772760617722,0.16312273235229136,0.5284778690710077,0.5688527980450782,0.6086176896328627,0
24.396656964447978,141.6875257350673,495.7244328355127,0.00821988108159169,0.06689934065925623,0.11405329840422912,0.7003847521434575,0.7013629273510432,0
31.831062267704446,222.28118898908735,490.52924323018556,0.011658779331311701,0.22757080872038993,0.09486587676304777,0.8777212605271287,0.4107084782756473,2
29.45753660179114,137.19923707712843,387.41576924268134,-0.15066543118176348,-0.38561750142608286,-0.15627162603617292,-0.6229531898245746,-0.645064006610287,1
26.9927680053396,166.71654754738003,411.22995866101206,0.143718181699356,0.21297542052058904,0.29035907568155866,0.37283255984603325,0.8430148539563903,0
26.023403130106995,139.23822375439045,549.6098317655915,-0.008062516704585616,-0.06560932940040483,-0.6072356503042096,-0.41763458284428545,-0.6726638327813685,1
32.45488291926846,193.4900880558956,640.5132400923407,0.011072107333603582,0.21612865825687427,0.15321373768987187,0.22836503135320274,0.9367714633556181,0
34.8532015676054,128.2039007662807,424.7850398952078,-0.009252093941591088,-0.03712461855666789,-0.0808555189011862,-0.6007073888892456,-0.7944489785076211,0
22.11148021858157,117.66203856410921,513.2622323131753,0.049169324435518094,0.09938416277482479,0.4816532416881942,0.5691726367015653,0.6570828183155789,0
34.95427703247741,202.60675265994323,556.5380225634462,0.12538211709675376,0.44550623855152005,0.48904347136649917,0.5135324697933774,0.5319063843438339,1
27.840229766108553,160.0193063570672,446.75891979618274,0.08380116833001462,0.514435212131899,0.14115045042765414,0.7141303754510199,0.44545272915045464,2
26.50855835642752,136.3430955625401,498.77967551316567,0.40908638521755464,0.4993027615014028,0.5678941394407304,0.2885102845202294,0.42142988017182226,1
29.793466934863403,162.4012003784055,485.3495575052152,0.20095135021987867,0.5066397351192369,0.1750378280051499,0.6547059603265614,0.4936158404298142,0
29.260216734028837,156.68867877776393,540.3960215531105,0.36564241264942865,0.5051162379654396,0.2046959157009942,0.7012604163661754,0.2783821523532282,1
26.72877099726396,142.10563880577124,504.52267853722543,0.011934513746512282,0.09710898811384854,0.3281019311159682,0.6136061313334203,0.7115223469415028,2
31.76042691364158,202.49012234185153,407.7095208583672,0.032327992853296524,0.06908024598651195,0.6391333418475369,0.6714591475280822,0.36719750139697416,2
27.44217077336042,127.68015779668039,565.6982726193114,0.06941514467185303,0.4261305406194578,0.5201127733785957,0.591571554849137,0.43945431901774956,1
20.43733867983641,147.42409206996177,579.3477745255876,0.04405728801637633,0.3876053910898996,0.0890632564586722,0.5083587208305788,0.762535352278937,0
36.453180247401264,193.96993512010403,278.6147286737256,-0.4354495443529893,-0.17187480666774171,-0.5067286394372432,-0.51153498676429,-0.5122507085850035,0
34.83750376665194,200.2788650298123,526.2538711715647,0.3847458456312092,0.5340929622170663,0.5798726700316406,0.27133970499408444,0.39602751548828585,2
25.310167593590556,217.15549675801188,491.55049784806306,0.16293757545134624,0.03178749351546374,0.11543411941175988,0.6799477097009743,0.7048311697917965,0
27.55577147277041,171.53131531698034,583.2831251215431,0.31868605701752656,0.4402326129463675,0.1784004223312427,0.38136844746560844,0.7261995869943341,1
29.42943190914666,197.38309849687502,444.9301175712244,-0.007420336993435501,-0.26837085156307966,-0.2807972678000274,-0.6511248965343885,-0.6520055890399505,0
23.386928678565297,192.111319619722,462.60636233468813,-0.037781326867650004,-0.08222345776423587,-0.7168744631766233,-0.445079714990395,-0.528967792670508,0
29.52939498435706,149.80525742452,372.97599568907646,0.03784934645176013,0.2011996656134873,0.3501519277756081,0.429917373581152,0.8066292834371345,2
29.788988356159013,219.34721491873978,468.6242988280758,0.02989939847189415,0.39224098797826246,0.15895410965797097,0.628501295198562,0.651899337534122,1
33.83027986548427,149.82133472637912,470.4830252018936,0.009675245646377208,0.18885712570152852,0.5899842684574734,0.2665629513912306,0.7383103220270835,1
31.037667824020193,167.71388949709595,478.084693396334,0.06859401403569668,0.11553712301256935,0.23176550090230538,0.6667900122130832,0.6954292678977705,1
27.085859835110057,149.29387639439722,514.3885914375788,0.18858961775709884,0.3493618663839469,0.1955704631880015,0.41788868668192963,0.7934112942620863,2
31.083728593811102,170.65130635166017,438.0844300538318,0.03678332290427905,0.48250860123920614,0.6698044373222409,0.26556788250034585,0.49665697660862784,2
23.624632810109603,136.0263960411349,639.6822102066806,0.007514630914037543,0.15211688218823202,0.5211080027593491,0.5657901085327615,0.6205900313590328,1
23.29108795965041,194.76826324732252,427.4464415658382,0.022101134546658057,0.4313983686599081,0.08415814504794994,0.44737252154085577,0.7785770488279149,1
27.66620118071502,105.85074777833051,491.60261379614576,0.13733584225725592,0.5097335650815824,0.5516420849159519,0.25557487075360547,0.5930287131746403,0
26.11452841272063,155.3646395280512,476.09198364244753,0.16522080596253638,0.06887418805478585,0.11600791027582981,0.6868886746833246,0.6947550250571093,2
33.43450779409869,187.4808634651289,370.31185910014636,0.008766969705176668,0.07133538695557184,0.4379097865940155,0.5344779723946006,0.7193071100998708,2
32.283216696807706,191.2848906636428,517.3412145420937,0.23879989215795286,0.3298796744388073,0.4972103346257279,0.5390881413779556,0.5443527081447558,1
29.029723944257093,172.11163481475273,374.00944543231026,0.13886317522896935,0.4339734697114565,0.5131597615019882,0.5827497273965414,0.4352629786076542,0
27.30997443851222,153.51172110962972,526.4266180225316,0.036382957107447635,0.0777459116690731,0.4772698316629406,0.6625581828775976,0.5708432497080319,1
28.694221398418357,205.03427059363682,513.0281836276474,-0.3320302375225249,-0.12586627066115944,-0.6673887564022523,-0.33128419082095284,-0.5645853664598023,0
30.433157420706532,179.65646846037816,586.994813602208,-0.0077700438539980154,-0.2810445120521445,-0.47409135538377184,-0.5663630826901908,-0.6127184132861696,0
28.785205953033532,188.5959448481538,486.9776502737044,0.009994694801642726,0.3444513831486162,0.642004309475083,0.40300558613546805,0.5537782181359763,0
28.799410209243312,149.18668942092594,486.38772024643407,0.00924188349111967,0.46163172571558886,0.25407786363375756,0.39972771211169705,0.7499819549720098,2
23.61168120380578,198.18216132205092,652.317048071991,0.0161995264402796,0.22207495790504908,0.3296383702513319,0.5787315016981518,0.7119190138034166,0
30.8760633964113,190.03772733417708,435.3431060505583,-0.17936031089664004,-0.3322859388505506,-0.07477334957029236,-0.7393899275725866,-0.5523833948586008,1
33.14225093127548,220.03209280223567,493.2180880397207,-0.1532326085576939,-0.11424296655831986,-0.6349792521773924,-0.29638309612233915,-0.687333050204728,0
33.617216252929865,172.67764160243578,471.5921923591261,0.19274531082825885,0.4933973470732946,0.13678530123658678,0.7123326642537996,0.43963650878589744,0
35.57208735323254,159.53812682208041,501.36668643512064,0.008877653256150505,0.07223668584801206,0.5412404275345498,0.7021789233906577,0.4568441831067938,1
27.17096914643343,142.41855930059958,407.7385166316509,0.07543265161588383,0.46311284519375573,0.7126429930651632,0.328870343000696,0.40474766165658266,1
28.36926543608441,204.38701360741223,590.5770937401844,0.18347247633678843,0.5103313004963317,0.5349330408513225,0.5482440783757653,0.3452171584554198,0
27.403261818421765,203.87985718630244,465.4153421328072,0.20810608843005296,0.08675142008181135,0.5325440804970134,0.14611935336528534,0.8026281729243209,2
27.056656895600977,194.79508022380406,455.442849238618,0.21761513335126953,0.5570453543523652,0.1528327899791545,0.39888951002150697,0.6781396788515967,0
32.04490232622959,164.39918411582045,556.6840255562944,0.0397042045028053,0.14290345758738152,0.21105840176222285,0.45098014374783163,0.8544433503428603,2
27.62802112454282,209.53168023744763,491.1799491743104,-0.43722172317788094,-0.1460155076217263,-0.5296936956569541,-0.42205026833780096,-0.5734237491529298,0
31.92596401288793,131.7234471351062,395.13495091842753,0.030627300196096323,0.490422326177217,0.5578220787051791,0.6056724660789307,0.2838015201025624,1
29.602637729391194,214.5331181033155,399.47383947296714,0.0641467906138833,0.48064244163170833,0.5466811168918853,0.27773043845924755,0.6235972999807836,1
33.66941726177976,189.69957568220204,420.18437971881144,0.20982537145592642,0.08747610835400071,0.21840795812669608,0.8242939227899404,0.47027517119142137,0
30.668814156763016,223.6801332460244,487.9802132366552,0.35824837505627327,0.13578459050830602,0.686975503816773,0.34900989101348545,0.5093892420148637,2
36.2427280210793,222.50229118484842,556.138431374788,0.17061841672798456,0.031999441593673746,0.47032973888163804,0.6010298859036174,0.6224294374345927,0
24.71816775285527,155.1111235746501,441.8567368098984,0.1627306818764712,0.1687544998519749,0.22920005113043732,0.659381026520105,0.6765535029713661,2
26.570599586126605,144.4983558822065,459.671711612541,0.10478907936396209,0.15520236057288428,0.39688048691817657,0.6349263232704904,0.6358348207203389,0
26.642750517128434,169.867687172621,382.6901220687871,0.0709520377785936,0.1203040946600142,0.17883026727673648,0.6718390465309332,0.7050849340364869,0
36.44165167169983,172.2017560358804,561.7206868711854,0.39711366146140376,0.10895998201815864,0.21856735452879467,0.5985129000012348,0.6514898942161085,2
32.739831988990325,200.08997607390873,478.09132634083335,-0.009156518978522786,-0.5582332075028468,-0.6349169051407985,-0.25173379449625427,-0.47095909002399317,2
35.68538864916431,157.10523118378302,606.6058465020621,0.03149328297626109,0.50425110882804,0.16741929921840742,0.5735329953667573,0.6227115494736885,1
30.20845129640208,149.30390274233764,398.01805663185485,-0.33395441951346216,-0.4427252877596769,-0.12036685651594997,-0.442037568931013,-0.6946822099144087,0
30.21734890830444,210.04122516255768,429.25447074558195,0.030261150897148786,0.5905538072692381,0.21877890040209722,0.3565233404769137,0.6894616478820408,0
27.193907956540084,199.55614785659665,443.9379880979613,0.10693019448261305,0.21449571767359438,0.617070750521872,0.6331392004738267,0.40114331887909777,2
23.455014853973577,198.49455447503922,502.3717959405927,0.16206125163700424,0.16806491419386071,0.575733643966888,0.6567219714617252,0.42747790438675487,1
18.11751160798383,157.78183879343055,545.4912296137733,0.019498970792751442,0.07424911290997004,0.705068443762553,0.15865961670196288,0.6868860713454188,2
32.01383464597762,154.8677022273489,449.54442538322104,-0.007475529178832239,-0.102499788223178,-0.4561103204034547,-0.6172762090551942,-0.6327490554979961,0
23.851311593531427,188.001932213117,517.2221021272492,0.006765311450560054,0.41244477166388793,0.4690988007161824,0.5490001339294609,0.5553275690978917,2
27.62362592736911,198.21753084058915,454.1853533941104,-0.023406225013401234,-0.4568723833793182,-0.08912758680305718,-0.3207902011788142,-0.8245421117409605,2
26.4204104941056,180.26294578302378,505.4005171871725,0.21464318917405628,0.04187400706035867,0.30431070448662995,0.840802529280431,0.39066734028375105,0
30.687223009000437,189.09403753677458,631.2565389383008,0.35956511250869344,0.08091195031517621,0.2733771186959936,0.35029273572974573,0.816532997760196,2
29.05555711763448,228.77300440543658,661.7200161738616,0.0081208259428938,0.15851285515859545,0.49510178361570567,0.5631174143303953,0.6423244728903549,1
25.36075739335928,155.20403012736094,459.0200073314563,-0.0071068573298107285,-0.3163154668238589,-0.592942005133699,-0.5986041278250978,-0.4358748613142082,0
30.84223439392559,211.81204643239732,411.45766858011933,0.24032566079570877,0.23412984215539656,0.53935318037616,0.5457397102119835,0.5465282328400396,2
23.049228813098004,174.85372791910197,519.5235592421103,0.06305302583552184,0.319785727542609,0.5890502562216745,0.43853904959956663,0.5953693828326391,0
33.84373451144875,152.9812779429979,566.0769656872219,0.07658985329919689,0.47019132303461475,0.652788015865859,0.3321359417795683,0.4864233101267662,1
30.145934702698295,183.1835993269732,447.44783711031164,0.1580660884901544,0.16393591860866855,0.609811002530676,0.3515604462246797,0.6728119500292712,1
27.629874924008767,206.7896121844583,492.5245976889484,0.00756336390213423,0.26730168291680234,0.6193139011559302,0.39084481872157845,0.6262453395833364,1
31.880247183797238,170.26148873418867,461.57885953391025,0.2587861851079949,0.3507827628066861,0.42421470280655627,0.5586057553938097,0.5638995120397029,0
27.055015365067256,146.53734498208837,501.80500485094024,0.030886000348464053,0.16418420283219762,0.2857335547888109,0.6667689036539491,0.6677313586396034,2
25.255512897818413,157.10891388600646,487.96424706639584,0.011397627441988873,0.22245508197753167,0.526183070571602,0.5364759627652141,0.6210545452776597,0
27.553684832416593,129.1713520162764,585.9150174033219,0.3456201878493263,0.07777396221492132,0.13099821117057303,0.58271687040956,0.7195682136966493,2
23.058840196803988,166.55781034616467,529.9882436364613,0.3314057840015591,0.1325418655344642,0.7951923494707254,0.22079381022606162,0.4376323581729779,0
29.383352950063433,202.26132771226682,504.2409493693094,-0.4378646351638739,-0.19747675585071958,-0.5568796184740356,-0.5703826645303979,-0.3658226328467101,0
23.498804616899044,196.68895188467334,564.7391482687376,0.15804306984254196,0.4937356511808466,0.22313244749325575,0.6665249987741613,0.48703576019892475,1
32.62165790923793,186.77376975697558,561.2767216117343,0.007842260412007997,0.029862637832227684,0.6432305928568498,0.40431178571839754,0.6494868021411655,1
30.36246768170984,176.7038181098357,517.5069876669733,0.057774134721615585,0.4329451002937989,0.5701440135026652,0.36811256786196966,0.5904656050422418,1
26.684273163067186,207.48936629323765,503.12295571043035,0.0073117635119104366,0.05949450327124708,0.5504455938879856,0.5782857740945756,0.5991678845231894,2
29.193207636126935,178.46052769591967,503.21631806915326,0.007210274079129565,0.4593834757184157,0.20325502757993924,0.6109637985094131,0.611821432167098,0
22.521214177850474,135.89651207938277,545.9034078204486,-0.13464129233274152,-0.2003038289284057,-0.7484280884745488,-0.3493294293148571,-0.5094844891775202,0
35.16332867930737,149.012974002757,561.5831889642647,0.4154568668051096,0.4725246513843656,0.1873492805177209,0.5130270353892831,0.5530095421489041,2
24.01749071031726,183.22363189605844,603.0916751016827,-0.008310959079379173,-0.11808367641044035,-0.5342410782688123,-0.44530280585303184,-0.7087164840147074,0
27.310449359757683,155.264207905517,519.4123941043388,0.008463435191158762,0.03139376686300168,0.4754562954837424,0.6108982235068452,0.6322084096783065,0
29.679181043073463,171.26320808606516,450.63403868695093,0.17498126435217393,0.34304867557915586,0.4666409926608408,0.2549483010883725,0.7542855633311295,0
20.914440541418188,157.3398748524444,568.5285034962407,0.00933543987253528,0.127945007775794,0.40377766139407084,0.48010498572587185,0.7681183029898022,2
28.806855648115494,176.2439136137001,557.9645606934843,0.009487442658896025,0.1851876884128653,0.5783984876844173,0.26082741560806416,0.7503597518548625,2
31.205129428051762,159.55103706204048,417.1146052494186,0.061250818667516006,0.37603567923081865,0.5772954382770368,0.60598802581478,0.3928791094873915,0
23.02835369551689,166.63701943346243,509.6771625974721,0.3255636460617572,0.4497386808221203,0.5489288339657978,0.3171880733468085,0.5383421706524979,1
29.887670391523333,242.98419265011586,570.4443105508316,-0.02856735035072857,-0.3901219991992356,-0.5228683398878375,-0.4491256658469333,-0.6098225706344559,0
31.5005197130953,198.47727886746105,490.3891266353459,0.10949701089099455,0.5540715843226132,0.2826049515994941,0.655904138372876,0.413448045888416,1
26.61171160690281,178.3319569861074,543.2336887200678,0.020935569572854397,0.8220249226287221,0.18018877923742863,0.3032471813083284,0.4465533331746417,0
30.973880763088587,140.87476093596095,414.6645111163394,0.010715905347986419,0.04080458354047031,0.0871936034852176,0.46348274720408356,0.8807957617348531,2
37.66294594507403,156.30191301145788,556.8465203384022,0.009680342089929848,0.07877773183770606,0.6862795629328362,0.424072040360936,0.5855626576450691,0
21.283902384462493,160.14372292766166,357.2739073847706,0.10638662532988138,0.2143008653437819,0.6007495193776102,0.6464348920044869,0.4049431693837338,1
32.8539389762644,194.04688263809217,613.0440859905467,0.1775203611496498,0.03463201270217524,0.45436545668287015,0.7331670895130458,0.4725517915549897,1
26.390182042485808,180.90218503818966,550.8478656004609,0.17528356680081117,0.3247127722515237,0.5474714472616801,0.1817723450804241,0.7287462629362021,2
23.916535924974994,161.86716877621933,520.553998228414,0.05102160005080038,0.1836391200622508,0.8168893318174032,0.2712237877603338,0.4720200699407522,1
38.09394735866201,164.06334608459937,347.23231273596303,0.011484386211149377,0.041336645941392164,0.13820856051362396,0.6562981382689166,0.7404934422945116,0
19.147588540555617,130.22612828681537,389.6201918464428,0.07605098069551379,0.19125258771981307,0.33404186583869516,0.48808292371691236,0.779634393461884,0
21.32259513309403,186.49333384562368,379.655498569232,0.21092625133560128,0.042653577274141215,0.5689727604351925,0.15544678091721126,0.7783296763123344,0
34.77795748556847,155.68749676636995,577.6471844749695,0.2483149937295682,0.10352034212501314,0.7757509687010915,0.35058535623033493,0.45047035997007834,1
27.50723317420003,231.0255027450977,409.51461020693387,-0.0698523829039245,-0.6952102646061105,-0.15184793349600828,-0.255521855811749,-0.6507335237133991,0
33.57429933383209,155.4971960262969,488.07287015098944,0.007393877845107423,0.26737457465033293,0.5128071930537754,0.5625727352092887,0.5907595684814698,1
22.323409625355136,160.21222188691075,632.9287249518846,0.010272021570987442,0.2079225739905,0.2823969380497194,0.7733002617835792,0.5281300628667156,2
29.92088499576617,232.29490325963792,547.234331115908,0.04592168551154784,0.24768628728593245,0.33747897158328033,0.532271884576049,0.7343958649932893,0
35.73908122471529,149.62126436321603,444.4382641442767,-0.27893734478627585,-0.060899411218276335,-0.4527718592030546,-0.5940710915649977,-0.6004684846662903,0
33.18275886109467,167.03266754198594,624.962306440671,0.00835517453592585,0.6608090241033315,0.3613733210131067,0.4295765527431907,0.4981314414040851,2
27.28632700132877,192.47051085813152,640.4477192827155,0.00943062307244443,0.1840788036431834,0.4710615112323873,0.6539197114674407,0.5625976546232294,2
34.05909163574253,145.0185305603402,501.14595600125887,0.007835480466289686,0.10738693975985651,0.477687243021022,0.5898722124790224,0.6420843567748347,2
25.854366882236462,149.34231258428332,490.0369150639942,0.23439504538742517,0.5072328614496876,0.2791253204996188,0.5110973126600113,0.590459464663823,0
30.99017369167979,181.82839972906925,450.30879208145706,0.2522785969705611,0.3484973010504774,0.4253528110891118,0.5518349293546158,0.5739846143529238,1
25.90445513290473,109.68122844708624,376.33401303611663,0.47255798665335214,0.21309817163011655,0.3356161986596067,0.635287857682434,0.46373400088474287,1
29.54531874267821,189.81652903002885,497.0336993097706,0.20311660495382036,0.5198295639338829,0.6344997985887201,0.28612404488254634,0.45173433097703214,1
27.869986811694147,199.39528184247825,560.4016027607995,0.10781560070405537,0.47968050026745007,0.15924895224032173,0.5456443216434878,0.6596927007149392,1
13.180921786504427,147.03023674800093,431.001978823326,0.17755466289127816,0.21628126847280796,0.5718433759901926,0.4591829044267358,0.6195506179576646,0
19.469196029342974,152.53101145328262,461.2868993551973,0.20745725675909008,0.0864932135598515,0.6482573642790046,0.46793072461726243,0.5570310918102189,0
25.45611578921075,196.78848888370698,495.6504905329275,0.008933670789851978,0.18371350127469563,0.3213815944549332,0.5450076644049698,0.7522300548775325,0
26.688500466769646,176.50180933201446,518.9456192825417,0.3638274476986932,0.14743737412622296,0.591080679860084,0.3744958379534312,0.5968821544187072,2
30.6828713377115,189.707034639713,396.29368583696566,0.007232353141787361,0.44092353661872036,0.3128153289305324,0.5944155764087296,0.5952737357152867,2
